Metric,Value
Avg_LTV,140.42036416666667
Avg_CAC,233.63897493453047
LTV_CAC_Ratio,0.6010142965488305
