customer_id,predicted_ltv,ltv_segment
101,549.57153,Medium
102,350.7189,Low
103,598.08624,Very High
104,349.8898,Low
105,589.5472,High
